Difficulty Level,std_across_runs
Easy,0.08207826816681232
Hard,0.08675434161742962
Medium,0.09233805168766387
