run,accuracy
1,0.4
2,0.65
3,0.4
4,0.5
5,0.4
6,0.25
7,0.4
8,0.35
9,0.3
10,0.3
11,0.4
12,0.4
13,0.45
14,0.45
15,0.4
16,0.55
17,0.55
18,0.5
19,0.4
20,0.5
summary_mean,0.42749999999999994
summary_std,0.09283722313813572
summary_min,0.25
summary_max,0.65
summary_cv,0.21716309505996664
