cosine_similarity,euclidean_distance,rouge_l,cluster_size
0.6788551352627865,0.7013975016740494,0.3279256709637928,1.147186147186147
0.685673402241099,0.7676387258220138,0.23984018420737604,1.3976608187134503
0.6396786462881662,0.8256772193260965,0.19447530494752754,1.2485549132947977
